{
  "version": "20251129_192007",
  "timestamp": "2025-11-29T19:20:07.867503",
  "accuracy": 0.35,
  "n_samples": 1000,
  "report": {
    "0": {
      "precision": 0.4406779661016949,
      "recall": 0.40625,
      "f1-score": 0.42276422764227645,
      "support": 64.0
    },
    "1": {
      "precision": 0.3333333333333333,
      "recall": 0.2876712328767123,
      "f1-score": 0.3088235294117647,
      "support": 73.0
    },
    "2": {
      "precision": 0.2948717948717949,
      "recall": 0.36507936507936506,
      "f1-score": 0.3262411347517731,
      "support": 63.0
    },
    "accuracy": 0.35,
    "macro avg": {
      "precision": 0.356294364768941,
      "recall": 0.3530001993186925,
      "f1-score": 0.3526096306019381,
      "support": 200.0
    },
    "weighted avg": {
      "precision": 0.3555682312038244,
      "recall": 0.35,
      "f1-score": 0.35077109852763116,
      "support": 200.0
    }
  }
}